"","name","id"
"1","All categories","0"
"3","Arts & Entertainment","3"
"5","Celebrities & Entertainment News","184"
"6","Comics & Animation","316"
"8","Animated Films","1104"
"9","Anime & Manga","317"
"10","Cartoons","319"
"11","Comics","318"
"12","Entertainment Industry","612"
"14","Film & TV Industry","1116"
"16","Film & TV Awards","1108"
"17","Film & TV Production","1117"
"18","Recording Industry","1115"
"20","Music Awards","1113"
"21","Record Labels","1114"
"22","Events & Listings","569"
"24","Clubs & Nightlife","188"
"25","Concerts & Music Festivals","891"
"26","Film Festivals","1086"
"27","Live Sporting Events","1273"
"28","Movie Listings & Theater Showtimes","1085"
"29","Ticket Sales","614"
"30","Fun & Trivia","539"
"32","Dress-Up & Fashion Games","1173"
"33","Flash-Based Entertainment","447"
"34","Fun Tests & Silly Surveys","1174"
"35","Humor","182"
"37","Comedy Films","1095"
"38","Live Comedy","895"
"39","Political Humor","1180"
"40","Spoofs & Satire","1244"
"41","TV Comedies","1047"
"42","Movies","34"
"44","Action & Adventure Films","1097"
"46","Martial Arts Films","1101"
"47","Superhero Films","1100"
"48","Western Films","1099"
"49","Animated Films","1104"
"50","Bollywood & South Asian Film","360"
"51","Classic Films","1102"
"53","Silent Films","1098"
"54","Comedy Films","1095"
"55","Cult & Indie Films","1103"
"56","Documentary Films","1072"
"57","Drama Films","1094"
"58","DVD & Video Shopping","210"
"60","DVD & Video Rentals","1145"
"61","Family Films","1291"
"62","Film & TV Awards","1108"
"63","Film Festivals","1086"
"64","Horror Films","615"
"65","Movie Memorabilia","213"
"66","Movie Reference","1106"
"68","Movie Reviews & Previews","1107"
"69","Musical Films","1105"
"70","Romance Films","1310"
"71","Science Fiction & Fantasy Films","616"
"72","Thriller, Crime & Mystery Films","1096"
"73","Music & Audio","35"
"75","CD & Audio Shopping","217"
"76","Classical Music","586"
"78","Opera","1185"
"79","Country Music","587"
"80","Dance & Electronic Music","588"
"81","Experimental & Industrial Music","1022"
"82","Folk & Traditional Music","1023"
"83","Jazz & Blues","589"
"85","Blues","1040"
"86","Jazz","42"
"87","Latin Pop","1285"
"88","Music Art & Memorabilia","218"
"89","Music Education & Instruction","1087"
"90","Music Equipment & Technology","1024"
"92","DJ Resources & Equipment","1025"
"93","Music Recording Technology","1026"
"94","Musical Instruments","216"
"96","Drums & Percussion","1327"
"97","Guitars","1325"
"98","Pianos & Keyboards","1326"
"99","Samples & Sound Libraries","1091"
"100","Music Reference","1027"
"102","Music Composition & Theory","1028"
"103","Sheet Music","892"
"104","Song Lyrics & Tabs","617"
"105","Music Streams & Downloads","220"
"106","Pop Music","1021"
"107","Radio","215"
"109","Podcasting","809"
"110","Talk Radio","1186"
"111","Religious Music","1020"
"113","Christian & Gospel Music","585"
"114","Rock Music","590"
"116","Classic Rock & Oldies","1037"
"117","Hard Rock & Progressive","1035"
"118","Indie & Alternative Music","1038"
"119","Metal (Music)","1036"
"120","Punk (Music)","1041"
"121","Soundtracks","893"
"122","Urban & Hip-Hop","592"
"124","Rap & Hip-Hop","1030"
"125","Reggaeton","1242"
"126","Soul & R&B","1039"
"127","Vocals & Show Tunes","618"
"128","World Music","593"
"130","African Music","1208"
"131","Arab & Middle Eastern Music","1034"
"132","East Asian Music","1033"
"133","Latin American Music","591"
"135","Brazilian Music","1287"
"136","Latin Pop","1285"
"137","Reggaeton","1242"
"138","Salsa & Tropical Music","1286"
"139","Reggae & Caribbean Music","1031"
"141","Reggaeton","1242"
"142","South Asian Music","1032"
"143","Offbeat","33"
"145","Edgy & Bizarre","538"
"146","Occult & Paranormal","449"
"147","Online Media","613"
"149","Flash-Based Entertainment","447"
"150","Music Streams & Downloads","220"
"151","Online Games","105"
"153","Massive Multiplayer","935"
"154","Online Image Galleries","1222"
"156","Photo & Image Sharing","978"
"157","Photo Rating Sites","320"
"158","Stock Photography","574"
"159","Online Video","211"
"161","Video Sharing","979"
"162","Web Portals","301"
"163","Webcams & Virtual Tours","575"
"164","Performing Arts","23"
"166","Acting & Theater","894"
"167","Broadway & Musical Theater","1243"
"168","Dance","581"
"169","Opera","1185"
"170","TV & Video","36"
"172","Online Video","211"
"174","Video Sharing","979"
"175","TV Commercials","1055"
"176","TV Guides & Reference","1187"
"177","TV Networks & Stations","359"
"178","TV Shows & Programs","358"
"180","TV Comedies","1047"
"181","TV Dramas","1193"
"183","TV Crime & Legal Shows","1111"
"184","TV Medical Shows","1194"
"185","TV Soap Operas","357"
"186","TV Family-Oriented Shows","1110"
"187","TV Game Shows","1050"
"188","TV Reality Shows","1049"
"189","TV Sci-Fi & Fantasy Shows","1112"
"190","TV Talk Shows","1048"
"191","Visual Art & Design","24"
"193","Architecture","477"
"194","Art & Craft Supplies","1361"
"195","Arts Education","1195"
"196","Design","653"
"198","CAD & CAM","1300"
"199","Graphic Design","654"
"200","Industrial & Product Design","655"
"201","Interior Design","656"
"202","Painting","1167"
"203","Photographic & Digital Arts","439"
"205","Camera & Photo Equipment","573"
"207","Binoculars, Telescopes & Optical Devices","1384"
"208","Cameras & Camcorders","306"
"210","Camcorders","308"
"211","Camera Lenses","1383"
"212","Cameras","307"
"213","Photo & Video Software","577"
"215","Video File Formats & Codecs","1315"
"216","Autos & Vehicles","47"
"218","Automotive Industry","1190"
"219","Bicycles & Accessories","1191"
"220","Boats & Watercraft","1140"
"221","Campers & RVs","1213"
"222","Classic Vehicles","1013"
"223","Commercial Vehicles","1214"
"225","Cargo Trucks & Trailers","1215"
"226","Custom & Performance Vehicles","806"
"227","Hybrid & Alternative Vehicles","810"
"229","Electric & Plug-In Vehicles","1380"
"230","Microcars & City Cars","1317"
"231","Motorcycles","273"
"232","Off-Road Vehicles","148"
"233","Personal Aircraft","1147"
"234","Scooters & Mopeds","1212"
"235","Trucks & SUVs","610"
"237","SUVs","1057"
"238","Trucks","1056"
"239","Vans & Minivans","1058"
"240","Vehicle Brands","815"
"242","Acura","820"
"243","Audi","821"
"244","Bentley","1059"
"245","BMW","822"
"246","Buick","1060"
"247","Cadillac","823"
"248","Chevrolet","826"
"249","Chrysler","833"
"250","Citroen","834"
"251","Dodge","836"
"252","Ferrari","1061"
"253","Fiat","838"
"254","Ford","840"
"255","GM-Daewoo","896"
"256","GMC","842"
"257","Honda","843"
"258","Hummer","1062"
"259","Hyundai","845"
"260","Isuzu","1378"
"261","Jaguar","1063"
"262","Jeep","846"
"263","Kia","848"
"264","Lamborghini","1064"
"265","Land Rover","1065"
"266","Lexus","849"
"267","Lincoln","850"
"268","Maserati","1066"
"269","Mazda","851"
"270","Mercedes-Benz","852"
"271","Mercury","853"
"272","Mini","1067"
"273","Mitsubishi","854"
"274","Nissan","855"
"276","Infiniti","1377"
"277","Peugeot","856"
"278","Pontiac","857"
"279","Porsche","858"
"280","Renault-Samsung","859"
"281","Rolls-Royce","1068"
"282","Saab","897"
"283","Saturn","860"
"284","Subaru","861"
"285","Suzuki","1070"
"286","Toyota","863"
"288","Scion","1069"
"289","Vauxhall-Opel","898"
"290","Volkswagen","865"
"291","Volvo","867"
"292","Vehicle Codes & Driving Laws","1294"
"294","Drunk Driving Law","968"
"295","Vehicle Licensing & Registration","170"
"296","Vehicle Maintenance","138"
"297","Vehicle Parts & Accessories","89"
"299","Auto Exterior","1217"
"300","Auto Interior","1218"
"301","Car Electronics","1188"
"303","Car Audio","230"
"304","Car Video","1189"
"305","GPS & Navigation","794"
"306","Engine & Transmission","1216"
"307","Vehicle Fuels & Lubricants","1269"
"308","Vehicle Wheels & Tires","438"
"309","Vehicle Shopping","473"
"311","Fuel Economy & Gas Prices","1268"
"312","Vehicle Specs, Reviews & Comparisons","1267"
"313","Vehicle Shows","803"
"314","Beauty & Fitness","44"
"316","Beauty Pageants","1219"
"317","Body Art","239"
"318","Cosmetic Procedures","1220"
"320","Cosmetic Surgery","238"
"321","Cosmetology & Beauty Professionals","147"
"322","Face & Body Care","143"
"324","Hygiene & Toiletries","244"
"325","Make-Up & Cosmetics","234"
"326","Perfumes & Fragrances","242"
"327","Skin & Nail Care","93"
"328","Unwanted Body & Facial Hair Removal","144"
"329","Fashion & Style","185"
"331","Fashion Designers & Collections","98"
"332","Fashion Modeling","1155"
"333","Fitness","94"
"335","Bodybuilding","241"
"336","Yoga & Pilates","611"
"337","Hair Care","146"
"339","Hair Loss","235"
"340","Spas & Beauty Services","145"
"342","Massage Therapy","557"
"343","Weight Loss","236"
"344","Books & Literature","22"
"346","Biographies & Quotations","690"
"347","Book Retailers","355"
"348","Children's Literature","1183"
"349","E-Books","608"
"350","Fan Fiction","540"
"351","Literary Classics","1184"
"352","Magazines","412"
"353","Poetry","565"
"354","Writers Resources","1177"
"355","Business & Industrial","12"
"357","Advertising & Marketing","25"
"359","Marketing Services","83"
"361","Loyalty Cards & Programs","1309"
"362","Public Relations","327"
"363","Search Engine Optimization & Marketing","84"
"364","Telemarketing","328"
"365","Aerospace & Defense","356"
"367","Defense Industry","669"
"368","Space Technology","668"
"369","Agriculture & Forestry","46"
"371","Agricultural Equipment","748"
"372","Aquaculture","747"
"373","Crops & Seed","749"
"374","Food Production","621"
"375","Forestry","750"
"376","Horticulture","751"
"377","Livestock","752"
"378","Automotive Industry","1190"
"379","Business Education","799"
"380","Business Finance","1138"
"382","Commercial Lending","1160"
"383","Investment Banking","1139"
"384","Risk Management","620"
"385","Venture Capital","905"
"386","Business News","784"
"388","Company News","1179"
"390","Company Earnings","1240"
"391","Mergers & Acquisitions","1241"
"392","Economy News","1164"
"393","Financial Markets","1163"
"394","Fiscal Policy News","1165"
"395","Business Operations","1159"
"397","Business Plans & Presentations","336"
"398","Human Resources","157"
"400","Compensation & Benefits","723"
"401","Corporate Training","331"
"402","Payroll Services","724"
"403","Recruitment & Staffing","330"
"404","Management","338"
"406","Business Process","721"
"407","Project Management","1360"
"409","Project Management Software","1359"
"410","Strategic Planning","722"
"411","Supply Chain Management","801"
"412","Business Services","329"
"414","Advertising & Marketing","25"
"416","Marketing Services","83"
"418","Loyalty Cards & Programs","1309"
"419","Public Relations","327"
"420","Search Engine Optimization & Marketing","84"
"421","Telemarketing","328"
"422","Consulting","1162"
"423","Corporate Events","334"
"425","Trade Shows & Conventions","335"
"426","E-Commerce Services","340"
"428","Merchant Services & Payment Systems","280"
"429","Fire & Security Services","726"
"430","Knowledge Management","800"
"431","Office Services","28"
"433","Office & Facilities Management","337"
"434","Office Supplies","95"
"436","Business Cards & Stationary","1375"
"437","Office Furniture","333"
"438","Printers, Copiers & Fax","1330"
"440","Copiers","1331"
"441","Fax Machines","1332"
"442","Ink & Toner","1333"
"443","Printers","494"
"444","Scanners","495"
"445","Outsourcing","718"
"446","Photo & Video Services","576"
"448","Stock Photography","574"
"449","Physical Asset Management","719"
"450","Quality Control & Tracking","720"
"451","Signage","1076"
"452","Writing & Editing Services","725"
"453","Chemicals Industry","288"
"455","Agrochemicals","670"
"456","Cleaning Agents","671"
"457","Coatings & Adhesives","672"
"458","Dyes & Pigments","673"
"459","Plastics & Polymers","674"
"460","Construction & Maintenance","48"
"462","Building Materials & Supplies","650"
"464","Doors & Windows","827"
"465","HVAC & Climate Control","828"
"466","Nails Screws & Fasteners","829"
"467","Plumbing Fixtures & Equipment","830"
"468","Wood & Plastics","831"
"469","Civil Engineering","651"
"470","Construction Consulting & Contracting","652"
"471","Urban & Regional Planning","686"
"472","Energy & Utilities","233"
"474","Electricity","658"
"475","Nuclear Energy","954"
"476","Oil & Gas","659"
"478","Vehicle Fuels & Lubricants","1269"
"479","Renewable & Alternative Energy","657"
"480","Waste Management","660"
"482","Recycling","1307"
"483","Water Supply & Treatment","1349"
"484","Enterprise Technology","77"
"486","Customer Relationship Management (CRM)","341"
"487","Data Management","343"
"488","E-Commerce Services","340"
"490","Merchant Services & Payment Systems","280"
"491","Enterprise Resource Planning (ERP)","342"
"492","Entertainment Industry","612"
"494","Film & TV Industry","1116"
"496","Film & TV Awards","1108"
"497","Film & TV Production","1117"
"498","Recording Industry","1115"
"500","Music Awards","1113"
"501","Record Labels","1114"
"502","Hospitality Industry","955"
"504","Event Planning","956"
"505","Food Service","957"
"507","Grocery & Food Retailers","121"
"508","Restaurant Supply","816"
"509","Industrial Materials & Equipment","287"
"511","Fluid Handling","1152"
"513","Valves Hoses & Fittings","839"
"514","Generators","835"
"515","Heavy Machinery","837"
"516","Manufacturing","49"
"518","Factory Automation","661"
"519","Metals & Mining","606"
"520","Pharmaceuticals & Biotech","255"
"521","Printing & Publishing","1176"
"523","Document & Printing Services","332"
"525","Business Cards & Stationary","1375"
"526","Journalism & News Industry","1204"
"527","Professional & Trade Associations","1199"
"528","Retail Trade","841"
"530","Retail Equipment & Technology","844"
"531","Small Business","551"
"533","Business Formation","1200"
"534","Home Office","727"
"535","MLM & Business Opportunities","552"
"536","Textiles & Nonwovens","566"
"537","Transportation & Logistics","50"
"539","Aviation","662"
"540","Distribution & Logistics","664"
"541","Freight & Trucking","289"
"543","Cargo Trucks & Trailers","1215"
"544","Import & Export","354"
"545","Mail & Package Delivery","1150"
"547","Couriers & Messengers","663"
"548","Maritime Transport","665"
"549","Moving & Relocation","291"
"550","Packaging","290"
"551","Parking","1306"
"553","Airport Parking & Transportation","1245"
"554","Public Storage","1347"
"555","Rail Transport","666"
"556","Urban Transport","667"
"557","Computers & Electronics","5"
"559","CAD & CAM","1300"
"560","Computer Hardware","30"
"562","Computer Components","717"
"564","Chips & Processors","741"
"565","Computer Memory","226"
"566","Sound & Video Cards","740"
"567","Computer Drives & Storage","496"
"569","CD & DVD Drives & Burners","1321"
"570","CD & DVD Storage Media","1322"
"571","Computer Memory","226"
"572","Data Backup & Recovery","1323"
"573","Flash Drives & Memory Cards","1318"
"574","Hard Drives","1320"
"575","Memory Card Readers","1319"
"576","Network Storage","729"
"577","Computer Peripherals","312"
"579","Computer Monitors & Displays","487"
"580","Input Devices","493"
"581","Printers, Copiers & Fax","1330"
"583","Copiers","1331"
"584","Fax Machines","1332"
"585","Ink & Toner","1333"
"586","Printers","494"
"587","Scanners","495"
"588","Computer Servers","728"
"589","Desktop Computers","309"
"590","Hardware Modding & Tuning","739"
"591","Laptops & Notebooks","310"
"593","Tablet PCs","1277"
"594","Computer Security","314"
"596","Antivirus & Malware","315"
"597","Network Security","344"
"598","Consumer Electronics","78"
"600","Audio Equipment","361"
"602","Headphones","1396"
"603","MP3 & Portable Media Players","227"
"604","Speakers","1158"
"605","Stereo Systems & Components","91"
"606","Camera & Photo Equipment","573"
"608","Binoculars, Telescopes & Optical Devices","1384"
"609","Cameras & Camcorders","306"
"611","Camcorders","308"
"612","Camera Lenses","1383"
"613","Cameras","307"
"614","Car Electronics","1188"
"616","Car Audio","230"
"617","Car Video","1189"
"618","GPS & Navigation","794"
"619","Electronic Accessories","1192"
"620","Gadgets & Portable Electronics","362"
"622","E-Book Readers","1324"
"623","Handheld Game Consoles","1046"
"624","MP3 & Portable Media Players","227"
"625","PDAs & Handhelds","228"
"626","Game Systems & Consoles","899"
"628","Handheld Game Consoles","1046"
"629","Nintendo","1043"
"630","Sony PlayStation","1044"
"631","Xbox","1045"
"632","GPS & Navigation","794"
"633","TV & Video Equipment","229"
"635","DVRs & Set-Top Boxes","1393"
"636","Home Theater Systems","1157"
"637","Projectors & Screens","1334"
"638","Televisions","305"
"640","HDTVs","1354"
"641","LCD TVs","1356"
"642","Plasma TVs","1355"
"643","Projection TVs","1357"
"644","Video Players & Recorders","492"
"646","Blu-Ray Players & Recorders","1394"
"647","DVD Players & Recorders","1395"
"648","Electronics & Electrical","434"
"650","Data Sheets & Electronics Reference","900"
"651","Electromechanical Devices","743"
"652","Electronic Components","742"
"653","Optoelectronics & Fiber","744"
"654","Power Supplies","745"
"655","Test & Measurement","746"
"656","Enterprise Technology","77"
"658","Customer Relationship Management (CRM)","341"
"659","Data Management","343"
"660","E-Commerce Services","340"
"662","Merchant Services & Payment Systems","280"
"663","Enterprise Resource Planning (ERP)","342"
"664","Networking","311"
"666","Data Formats & Protocols","488"
"667","Distributed & Parallel Computing","1298"
"668","Network Monitoring & Management","347"
"669","Networking Equipment","346"
"670","VPN & Remote Access","1279"
"671","Programming","31"
"673","C & C++","731"
"674","Developer Jobs","802"
"675","Development Tools","730"
"676","Java","732"
"677","Scripting Languages","733"
"678","Windows & .NET","734"
"679","Software","32"
"681","Business & Productivity Software","498"
"683","Accounting & Financial Software","1341"
"684","Calendar & Scheduling Software","1358"
"685","Presentation Software","1346"
"686","Project Management Software","1359"
"687","Spreadsheet Software","1344"
"688","Word Processing Software","1345"
"689","Device Drivers","225"
"690","Educational Software","804"
"691","Freeware & Shareware","901"
"692","Internet Software","807"
"694","Content Management","808"
"695","Internet Clients & Browsers","304"
"696","Proxying & Filtering","902"
"697","Mobile Apps & Add-Ons","1109"
"699","Ringtones & Mobile Goodies","532"
"700","Multimedia Software","497"
"702","Audio & Music Software","1089"
"704","Audio Files Formats & Codecs","1092"
"705","Desktop Publishing","1088"
"707","Fonts","805"
"708","Graphics & Animation Software","486"
"709","Media Players","1090"
"710","Photo & Video Software","577"
"712","Video File Formats & Codecs","1315"
"713","Open Source","313"
"714","Operating Systems","303"
"716","Linux & Unix","736"
"717","Mac OS","735"
"718","Mobile OS","1382"
"719","Windows OS","737"
"720","Software Utilities","224"
"721","Web Apps & Online Tools","1142"
"722","Technical Support","567"
"723","Technology News","785"
"724","Finance","7"
"726","Accounting & Auditing","278"
"728","Accounting & Financial Software","1341"
"729","Tax Preparation & Planning","1283"
"730","Banking","37"
"731","Credit & Lending","279"
"733","Auto Financing","468"
"734","College Financing","813"
"735","Credit Cards","811"
"736","Debt Management","812"
"737","Home Financing","466"
"738","Currencies & Foreign Exchange","814"
"739","Financial Planning","903"
"740","Grants & Financial Assistance","1282"
"742","College Financing","813"
"743","Insurance","38"
"745","Auto Insurance","467"
"746","Health Insurance","249"
"747","Home Insurance","465"
"748","Investing","107"
"750","Commodities & Futures Trading","904"
"751","Retirement & Pension","619"
"752","Food & Drink","71"
"754","Alcoholic Beverages","277"
"756","Beer","404"
"757","Liquor","406"
"758","Wine","405"
"759","Candy & Sweets","906"
"760","Cooking & Recipes","122"
"762","Baked Goods","907"
"763","Fruits & Vegetables","908"
"764","Meat & Seafood","909"
"765","Soups & Stews","910"
"766","Vegetarian Cuisine","825"
"767","World Cuisines","911"
"769","Asian Cuisine","912"
"770","Latin American Cuisine","913"
"771","Mediterranean Cuisine","914"
"772","North American Cuisine","915"
"773","Culinary Training","297"
"774","Grocery & Food Retailers","121"
"775","Non-Alcoholic Beverages","560"
"777","Coffee & Tea","916"
"778","Restaurants","276"
"780","Dining Guides","917"
"781","Fast Food","918"
"782","Restaurant Supply","816"
"783","Games","8"
"785","Arcade & Coin-Op Games","919"
"786","Board Games","920"
"788","Chess & Abstract Strategy Games","921"
"789","Miniatures & Wargaming","922"
"790","Card Games","39"
"792","Collectible Card Games","923"
"793","Poker & Casino Games","924"
"794","Computer & Video Games","41"
"796","Action & Platform Games","1311"
"797","Adventure Games","925"
"798","Casual Games","926"
"799","Driving & Racing Games","927"
"800","Fighting Games","928"
"801","Game Systems & Consoles","899"
"803","Handheld Game Consoles","1046"
"804","Nintendo","1043"
"805","Sony PlayStation","1044"
"806","Xbox","1045"
"807","Gaming Media & Reference","1343"
"809","Game Cheats & Hints","381"
"810","Music & Dance Games","929"
"811","Shooter Games","930"
"812","Simulation Games","931"
"813","Sports Games","932"
"814","Strategy Games","933"
"815","Video Game Emulation","1342"
"816","Video Game Retailers","1146"
"817","Family-Oriented Games & Activities","1290"
"819","Drawing & Coloring","1397"
"820","Dress-Up & Fashion Games","1173"
"821","Online Games","105"
"823","Massive Multiplayer","935"
"824","Party Games","936"
"825","Puzzles & Brainteasers","937"
"826","Roleplaying Games","622"
"827","Table Games","938"
"829","Billiards","939"
"830","Table Tennis","940"
"831","Health","45"
"833","Aging & Geriatrics","623"
"835","Alzheimer's Disease","624"
"836","Alternative & Natural Medicine","499"
"838","Acupuncture & Chinese Medicine","1239"
"839","Cleansing & Detoxification","1238"
"840","Health Conditions","419"
"842","AIDS & HIV","625"
"843","Allergies","626"
"844","Arthritis","628"
"845","Cancer","429"
"846","Cold & Flu","629"
"847","Diabetes","630"
"848","Ear Nose & Throat","1211"
"849","Eating Disorders","571"
"850","Endocrine Conditions","1328"
"852","Diabetes","630"
"853","Thyroid Conditions","1329"
"854","Genetic Disorders","941"
"855","GERD & Digestive Disorders","638"
"856","Heart & Hypertension","559"
"857","Infectious Diseases","632"
"859","Cold & Flu","629"
"860","Parasites & Parasitic Diseases","1262"
"861","Sexually Transmitted Diseases","421"
"863","AIDS & HIV","625"
"864","Vaccines & Immunizations","1263"
"865","Injury","817"
"866","Neurological Disorders","942"
"868","Alzheimer's Disease","624"
"869","Obesity","818"
"870","Pain Management","819"
"872","Headaches & Migraines","631"
"873","Respiratory Conditions","824"
"875","Asthma","627"
"876","Skin Conditions","420"
"877","Sleep Disorders","633"
"878","Health Education & Medical Training","254"
"879","Health Foundations & Medical Research","252"
"880","Health News","1253"
"882","Health Policy","1256"
"883","Medical Devices & Equipment","251"
"885","Assistive Technology","1352"
"887","Mobility Equipment & Accessories","1353"
"888","Medical Facilities & Services","256"
"890","Doctors' Offices","634"
"891","Hospitals & Treatment Centers","250"
"892","Medical Procedures","635"
"894","Medical Tests & Exams","943"
"895","Surgery","944"
"897","Cosmetic Surgery","238"
"898","Vaccines & Immunizations","1263"
"899","Physical Therapy","500"
"900","Medical Literature & Resources","253"
"902","Medical Photos & Illustration","945"
"903","Men's Health","636"
"905","Erectile Dysfunction","202"
"906","Mental Health","437"
"908","Anxiety & Stress","639"
"909","Depression","640"
"910","Learning & Developmental Disabilities","641"
"912","ADD & ADHD","642"
"913","Nursing","418"
"915","Assisted Living & Long Term Care","649"
"916","Nutrition","456"
"918","Special & Restricted Diets","457"
"920","Cholesterol Issues","643"
"921","Vitamins & Supplements","237"
"922","Oral & Dental Care","245"
"923","Pediatrics","645"
"924","Pharmacy","248"
"926","Drugs & Medications","646"
"927","Public Health","947"
"929","Health Policy","1256"
"930","Occupational Health & Safety","644"
"931","Poisons & Overdoses","946"
"932","Vaccines & Immunizations","1263"
"933","Reproductive Health","195"
"935","Birth Control","198"
"936","Erectile Dysfunction","202"
"937","Infertility","647"
"938","OBGYN","558"
"940","Pregnancy & Maternity","401"
"941","Sex Education & Counseling","536"
"942","Sexual Enhancement","1236"
"943","Sexually Transmitted Diseases","421"
"945","AIDS & HIV","625"
"946","Substance Abuse","257"
"948","Drug & Alcohol Testing","1351"
"949","Drug & Alcohol Treatment","1350"
"950","Smoking & Smoking Cessation","1237"
"951","Steroids & Performance-Enhancing Drugs","1235"
"952","Vision Care","246"
"954","Eyeglasses & Contacts","1224"
"955","Women's Health","648"
"957","OBGYN","558"
"959","Pregnancy & Maternity","401"
"960","Hobbies & Leisure","65"
"962","Antiques & Collectibles","64"
"963","Bowling","1016"
"964","Clubs & Nightlife","188"
"965","Clubs & Organizations","189"
"966","Contests, Awards & Prizes","1276"
"968","Film & TV Awards","1108"
"969","Lottery & Sweepstakes","364"
"970","Crafts","284"
"972","Fiber & Textile Arts","1230"
"973","Cycling","458"
"975","Bicycles & Accessories","1191"
"976","Outdoors","688"
"978","Equestrian","568"
"979","Fishing","462"
"980","Hiking & Camping","542"
"981","Hunting & Shooting","461"
"982","Paintball","786"
"983","Pets & Animals","66"
"985","Animal Products & Services","882"
"987","Animal Welfare","883"
"988","Pet Food & Supplies","379"
"989","Veterinarians","380"
"990","Pets","563"
"992","Birds","884"
"993","Cats","885"
"994","Dogs","886"
"995","Exotic Pets","607"
"996","Fish & Aquaria","887"
"997","Horses","888"
"998","Rabbits & Rodents","889"
"999","Reptiles & Amphibians","890"
"1000","Wildlife","119"
"1002","Insects & Entomology","1278"
"1003","Zoos-Aquariums-Preserves","1009"
"1004","Photographic & Digital Arts","439"
"1006","Camera & Photo Equipment","573"
"1008","Binoculars, Telescopes & Optical Devices","1384"
"1009","Cameras & Camcorders","306"
"1011","Camcorders","308"
"1012","Camera Lenses","1383"
"1013","Cameras","307"
"1014","Photo & Video Software","577"
"1016","Video File Formats & Codecs","1315"
"1017","Radio Control & Modeling","787"
"1018","Recreational Aviation","999"
"1020","Personal Aircraft","1147"
"1021","Running & Walking","541"
"1022","Special Occasions","977"
"1024","Gifts & Special Event Items","70"
"1026","Cards & Greetings","100"
"1027","Flowers","323"
"1028","Gifts","99"
"1029","Party & Holiday Supplies","324"
"1030","Holidays & Seasonal Events","678"
"1032","Birthdays & Name Days","1270"
"1033","Carnival & Mardi Gras","1246"
"1034","Christian Holidays","1274"
"1036","Christmas","1078"
"1037","Easter","1123"
"1038","Halloween & October 31st","1079"
"1039","Islamic Holidays","1275"
"1040","Jewish Holidays","1124"
"1041","New Year","1271"
"1042","Thanksgiving","1125"
"1043","Valentine's Day","1122"
"1044","Weddings","293"
"1045","Subcultures & Niche Interests","502"
"1047","Goth Subculture","503"
"1048","Science Fiction & Fantasy","676"
"1049","Water Activities","1002"
"1051","Boating","459"
"1053","Boats & Watercraft","1140"
"1054","Diving & Underwater Activities","1305"
"1055","Surf & Swim","689"
"1056","Water Sports","118"
"1057","Home & Garden","11"
"1059","Bed & Bath","948"
"1061","Bathroom","1365"
"1062","Bedroom","1366"
"1064","Bedding & Bed Linens","1369"
"1065","Beds & Headboards","1367"
"1066","Mattresses","1368"
"1067","Domestic Services","472"
"1069","Cleaning Supplies & Services","949"
"1070","Gardening & Landscaping","269"
"1071","Home Appliances","271"
"1073","Major Kitchen Appliances","1293"
"1074","Small Kitchen Appliances","1292"
"1075","Water Filters & Purifiers","1371"
"1076","Home Furnishings","270"
"1078","Clocks","1363"
"1079","Lamps & Lighting","272"
"1080","Rugs & Carpets","1362"
"1081","Sofas & Chairs","1370"
"1082","Home Improvement","158"
"1084","Construction & Power Tools","950"
"1085","Doors & Windows","827"
"1086","Flooring","832"
"1088","Rugs & Carpets","1362"
"1089","House Painting & Finishing","1232"
"1090","HVAC & Climate Control","828"
"1091","Plumbing","1153"
"1092","Roofing","1175"
"1093","Home Storage & Shelving","1348"
"1094","Homemaking & Interior Decor","137"
"1095","HVAC & Climate Control","828"
"1096","Kitchen & Dining","951"
"1098","Cookware & Diningware","120"
"1100","Cutlery & Cutting Accessories","1373"
"1101","Major Kitchen Appliances","1293"
"1102","Small Kitchen Appliances","1292"
"1103","Laundry","1364"
"1104","Nursery & Playroom","1372"
"1105","Pest Control","471"
"1106","Swimming Pools & Spas","952"
"1107","Yard & Patio","953"
"1108","Internet & Telecom","13"
"1110","Communications Equipment","385"
"1112","Radio Equipment","1182"
"1113","Email & Messaging","394"
"1115","Microblogging","1381"
"1116","Text & Instant Messaging","1379"
"1117","Voice & Video Chat","386"
"1118","Mobile & Wireless","382"
"1120","Mobile & Wireless Accessories","1171"
"1122","Bluetooth Accessories","1170"
"1123","Mobile Apps & Add-Ons","1109"
"1125","Ringtones & Mobile Goodies","532"
"1126","Mobile OS","1382"
"1127","Mobile Phones","390"
"1128","Search Engines","485"
"1130","People Search","1234"
"1131","Service Providers","383"
"1133","Cable & Satellite Providers","501"
"1134","ISPs","104"
"1135","Phone Service Providers","384"
"1137","Calling Cards","389"
"1138","Teleconferencing","392"
"1139","Web Apps & Online Tools","1142"
"1140","Web Portals","301"
"1141","Web Services","302"
"1143","Affiliate Programs","326"
"1144","Search Engine Optimization & Marketing","84"
"1145","Web Design & Development","422"
"1146","Web Hosting & Domain Registration","53"
"1147","Web Stats & Analytics","675"
"1148","Jobs & Education","958"
"1150","Education","74"
"1152","Academic Conferences & Publications","1289"
"1153","Alumni & Reunions","1015"
"1154","Arts Education","1195"
"1155","Business Education","799"
"1156","Colleges & Universities","372"
"1157","Distance Learning","367"
"1158","Early Childhood Education","1012"
"1159","Foreign Language Study","1266"
"1160","Health Education & Medical Training","254"
"1161","Homeschooling","791"
"1162","Legal Education","792"
"1163","Music Education & Instruction","1087"
"1164","Primary & Secondary Schooling (K-12)","371"
"1165","Special Education","1118"
"1166","Standardized & Admissions Tests","373"
"1167","Study Abroad","1308"
"1168","Teaching & Classroom Resources","700"
"1169","Training & Certification","1388"
"1170","Vocational & Continuing Education","369"
"1172","Computer Education","1229"
"1173","Jobs","60"
"1175","Career Resources & Planning","959"
"1176","Developer Jobs","802"
"1177","Job Listings","960"
"1178","Resumes & Portfolios","961"
"1179","Law & Government","19"
"1181","Government","76"
"1183","Courts & Judiciary","1075"
"1184","Embassies & Consulates","962"
"1185","Executive Branch","963"
"1186","Government Agencies","1387"
"1187","Government Contracting & Procurement","1385"
"1188","Intelligence & Counterterrorism","1221"
"1189","Legislative Branch","964"
"1190","Lobbying","1386"
"1191","Multilateral Organizations","965"
"1192","Public Finance","1161"
"1193","Public Policy","1316"
"1195","Drug Laws & Policy","1314"
"1196","Fiscal Policy News","1165"
"1197","Health Policy","1256"
"1198","Immigration Policy & Border Issues","1313"
"1199","International Relations","521"
"1200","Royalty","702"
"1201","State & Local Government","966"
"1202","Visa & Immigration","555"
"1203","Legal","75"
"1205","Accident & Personal Injury Law","427"
"1206","Bankruptcy","423"
"1207","Business & Corporate Law","1272"
"1208","Constitutional Law & Civil Rights","967"
"1209","Criminal Law","424"
"1210","Family Law","522"
"1211","Intellectual Property","426"
"1212","Labor & Employment Law","701"
"1213","Legal Education","792"
"1214","Legal Services","969"
"1215","Product Liability","970"
"1216","Vehicle Codes & Driving Laws","1294"
"1218","Drunk Driving Law","968"
"1219","Military","366"
"1221","Air Force","1247"
"1222","Army","1248"
"1223","Marines","1250"
"1224","Military History","1288"
"1225","Navy","1249"
"1226","Veterans","793"
"1227","Public Safety","166"
"1229","Crime & Justice","704"
"1231","Corporate & Financial Crime","1181"
"1232","Gangs & Organized Crime","1312"
"1233","Prisons & Corrections","1284"
"1234","Emergency Services","168"
"1235","Law Enforcement","535"
"1237","Intelligence & Counterterrorism","1221"
"1238","Public Health","947"
"1240","Health Policy","1256"
"1241","Occupational Health & Safety","644"
"1242","Poisons & Overdoses","946"
"1243","Vaccines & Immunizations","1263"
"1244","Security Products & Services","705"
"1245","Social Services","508"
"1247","Counseling Services","511"
"1248","Welfare & Unemployment","706"
"1249","News","16"
"1251","Broadcast & Network News","112"
"1252","Business News","784"
"1254","Company News","1179"
"1256","Company Earnings","1240"
"1257","Mergers & Acquisitions","1241"
"1258","Economy News","1164"
"1259","Financial Markets","1163"
"1260","Fiscal Policy News","1165"
"1261","Celebrities & Entertainment News","184"
"1262","Gossip & Tabloid News","507"
"1264","Scandals & Investigations","1259"
"1265","Health News","1253"
"1267","Health Policy","1256"
"1268","Journalism & News Industry","1204"
"1269","Local News","572"
"1270","Newspapers","408"
"1271","Politics","396"
"1273","Campaigns & Elections","398"
"1274","Left-Wing Politics","410"
"1275","Media Critics & Watchdogs","1203"
"1276","Opinion & Commentary","1201"
"1277","Political Polls & Surveys","1202"
"1278","Right-Wing Politics","409"
"1279","Sports News","1077"
"1280","Technology News","785"
"1281","Weather","63"
"1282","World News","1209"
"1283","Online Communities","299"
"1285","Blogging Resources & Services","504"
"1287","Microblogging","1381"
"1288","Dating & Personals","55"
"1290","Matrimonial Services","546"
"1291","Personals","102"
"1292","Photo Rating Sites","320"
"1293","File Sharing & Hosting","321"
"1294","Forum & Chat Providers","191"
"1295","Online Goodies","43"
"1297","Clip Art & Animated GIFs","1223"
"1298","Skins Themes & Wallpapers","578"
"1299","Social Network Apps & Add-Ons","847"
"1300","Online Journals & Personal Sites","582"
"1301","Photo & Video Sharing","275"
"1303","Photo & Image Sharing","978"
"1304","Video Sharing","979"
"1305","Social Networks","529"
"1307","Social Network Apps & Add-Ons","847"
"1308","Virtual Worlds","972"
"1309","People & Society","14"
"1311","Disabled & Special Needs","677"
"1313","Assistive Technology","1352"
"1315","Mobility Equipment & Accessories","1353"
"1316","Ethnic & Identity Groups","56"
"1318","Africans & Diaspora","579"
"1320","African-Americans","547"
"1321","Arabs & Middle Easterners","556"
"1322","Asians & Diaspora","1257"
"1324","East Asians & Diaspora","549"
"1325","South Asians & Diaspora","528"
"1326","Southeast Asians & Pacific Islanders","580"
"1327","Discrimination & Identity Relations","1205"
"1328","Eastern Europeans","682"
"1329","Expatriate Communities","973"
"1330","Gay-Lesbian-Bisexual-Transgender","113"
"1331","Indigenous Peoples","681"
"1333","Native Americans","171"
"1334","Jewish Culture","550"
"1336","Jewish Holidays","1124"
"1337","Latinos & Latin-Americans","548"
"1338","Western Europeans","683"
"1339","Family & Relationships","1131"
"1341","Etiquette","1304"
"1342","Family","1132"
"1344","Ancestry & Genealogy","400"
"1345","Baby & Pet Names","1231"
"1346","Parenting","58"
"1348","Adoption","974"
"1349","Babies & Toddlers","1374"
"1351","Baby Care & Hygiene","115"
"1352","Child Care","403"
"1353","Pregnancy & Maternity","401"
"1354","Youth Camps","402"
"1355","Friendship","1134"
"1356","Marriage","1133"
"1358","Divorce & Separation","1261"
"1359","Weddings","293"
"1360","Romance","1135"
"1361","Troubled Relationships","1260"
"1363","Divorce & Separation","1261"
"1364","Kids & Teens","154"
"1366","Children's Interests","679"
"1368","Children's Literature","1183"
"1369","Family Films","1291"
"1370","Family-Oriented Games & Activities","1290"
"1372","Drawing & Coloring","1397"
"1373","Dress-Up & Fashion Games","1173"
"1374","TV Family-Oriented Shows","1110"
"1375","Teen Interests","680"
"1376","Religion & Belief","59"
"1378","Astrology & Divination","448"
"1379","Buddhism","862"
"1380","Christianity","864"
"1382","Christian Holidays","1274"
"1384","Christmas","1078"
"1385","Easter","1123"
"1386","Hinduism","866"
"1387","Islam","868"
"1389","Islamic Holidays","1275"
"1390","Judaism","869"
"1391","Occult & Paranormal","449"
"1392","Pagan & Esoteric Traditions","1258"
"1393","Places of Worship","1296"
"1394","Scientology","1251"
"1395","Self-Help & Motivational","870"
"1396","Skeptics & Non-Believers","975"
"1397","Spirituality","101"
"1398","Theology & Religious Study","1340"
"1399","Seniors & Retirement","298"
"1400","Social Issues & Advocacy","54"
"1402","Animal Welfare","883"
"1403","Charity & Philanthropy","57"
"1404","Discrimination & Identity Relations","1205"
"1405","Drug Laws & Policy","1314"
"1406","Environmental Issues","82"
"1408","Climate Change & Global Warming","1255"
"1409","Health Policy","1256"
"1410","Housing & Development","1166"
"1411","Human Rights & Liberties","1280"
"1412","Immigration Policy & Border Issues","1313"
"1413","Media Critics & Watchdogs","1203"
"1414","Poverty & Hunger","1127"
"1415","Privacy Issues","1281"
"1416","Reproductive Rights","976"
"1417","Same-Sex Marriage","1301"
"1418","Work & Labor Issues","703"
"1420","Labor & Employment Law","701"
"1421","Unions & Labor Movement","1121"
"1422","Social Sciences","509"
"1424","Communications & Media Studies","1302"
"1426","Public Speaking","1303"
"1427","Demographics","510"
"1428","Economics","520"
"1429","International Relations","521"
"1430","Psychology","543"
"1431","Subcultures & Niche Interests","502"
"1433","Goth Subculture","503"
"1434","Science Fiction & Fantasy","676"
"1435","Pets & Animals","66"
"1437","Animal Products & Services","882"
"1439","Animal Welfare","883"
"1440","Pet Food & Supplies","379"
"1441","Veterinarians","380"
"1442","Pets","563"
"1444","Birds","884"
"1445","Cats","885"
"1446","Dogs","886"
"1447","Exotic Pets","607"
"1448","Fish & Aquaria","887"
"1449","Horses","888"
"1450","Rabbits & Rodents","889"
"1451","Reptiles & Amphibians","890"
"1452","Wildlife","119"
"1454","Insects & Entomology","1278"
"1455","Zoos-Aquariums-Preserves","1009"
"1456","Real Estate","29"
"1458","Apartments & Residential Rentals","378"
"1459","Commercial & Investment Real Estate","1178"
"1460","Property Development","687"
"1461","Property Inspections & Appraisals","463"
"1462","Property Management","425"
"1463","Real Estate Agencies","96"
"1464","Real Estate Listings","1080"
"1465","Timeshares & Vacation Properties","1081"
"1466","Reference","533"
"1468","Directories & Listings","527"
"1470","Business & Personal Listings","377"
"1471","General Reference","980"
"1473","Biographies & Quotations","690"
"1474","Calculators & Reference Tools","691"
"1475","Dictionaries & Encyclopedias","692"
"1476","Educational Resources","374"
"1477","Forms Guides & Templates","693"
"1479","Legal Forms","1137"
"1480","How-To, DIY & Expert Content","694"
"1481","Public Records","1136"
"1482","Time & Calendars","695"
"1483","Geographic Reference","1084"
"1485","City & Local Guides","1014"
"1486","Maps","268"
"1488","Traffic & Public Transit","685"
"1489","Humanities","474"
"1491","History","433"
"1493","Military History","1288"
"1494","Myth & Folklore","609"
"1495","Philosophy","1093"
"1496","Language Resources","108"
"1498","Dictionaries & Encyclopedias","692"
"1499","Foreign Language Resources","1264"
"1501","Foreign Language Study","1266"
"1502","Translation Tools & Resources","1265"
"1503","Libraries & Museums","375"
"1504","Social Sciences","509"
"1506","Communications & Media Studies","1302"
"1508","Public Speaking","1303"
"1509","Demographics","510"
"1510","Economics","520"
"1511","International Relations","521"
"1512","Psychology","543"
"1513","Technical Reference","1233"
"1515","Data Sheets & Electronics Reference","900"
"1516","Technical Support","567"
"1517","Science","174"
"1519","Astronomy","435"
"1520","Biological Sciences","440"
"1522","Anatomy","788"
"1523","Flora & Fauna","981"
"1525","Insects & Entomology","1278"
"1526","Genetics","982"
"1527","Neuroscience","1226"
"1528","Chemistry","505"
"1529","Computer Science","1227"
"1531","Computer Education","1229"
"1532","Distributed & Parallel Computing","1298"
"1533","Machine Learning & Artificial Intelligence","1299"
"1534","Programming","31"
"1536","C & C++","731"
"1537","Developer Jobs","802"
"1538","Development Tools","730"
"1539","Java","732"
"1540","Scripting Languages","733"
"1541","Windows & .NET","734"
"1542","Earth Sciences","1168"
"1544","Atmospheric Science","1254"
"1546","Climate Change & Global Warming","1255"
"1547","Geology","443"
"1548","Paleontology","1169"
"1549","Water & Marine Sciences","441"
"1550","Ecology & Environment","442"
"1552","Climate Change & Global Warming","1255"
"1553","Engineering & Technology","231"
"1555","CAD & CAM","1300"
"1556","Robotics","1141"
"1557","Technology News","785"
"1558","Mathematics","436"
"1560","Statistics","1252"
"1561","Physics","444"
"1562","Scientific Equipment","445"
"1563","Scientific Institutions","446"
"1564","Shopping","18"
"1566","Antiques & Collectibles","64"
"1567","Apparel","68"
"1569","Apparel Services","1228"
"1570","Athletic Apparel","983"
"1571","Casual Apparel","984"
"1573","T-Shirts","428"
"1574","Children's Clothing","985"
"1575","Clothing Accessories","124"
"1577","Gems & Jewelry","350"
"1578","Handbags & Purses","986"
"1579","Watches","987"
"1580","Costumes","988"
"1581","Eyewear","989"
"1583","Eyeglasses & Contacts","1224"
"1584","Footwear","697"
"1585","Formal Wear","990"
"1586","Headwear","991"
"1587","Men's Clothing","992"
"1588","Outerwear","993"
"1589","Sleepwear","994"
"1590","Swimwear","995"
"1591","Undergarments","530"
"1592","Uniforms & Workwear","996"
"1593","Women's Clothing","997"
"1594","Auctions","292"
"1595","Classifieds","61"
"1596","Consumer Electronics","78"
"1598","Audio Equipment","361"
"1600","Headphones","1396"
"1601","MP3 & Portable Media Players","227"
"1602","Speakers","1158"
"1603","Stereo Systems & Components","91"
"1604","Camera & Photo Equipment","573"
"1606","Binoculars, Telescopes & Optical Devices","1384"
"1607","Cameras & Camcorders","306"
"1609","Camcorders","308"
"1610","Camera Lenses","1383"
"1611","Cameras","307"
"1612","Car Electronics","1188"
"1614","Car Audio","230"
"1615","Car Video","1189"
"1616","GPS & Navigation","794"
"1617","Electronic Accessories","1192"
"1618","Gadgets & Portable Electronics","362"
"1620","E-Book Readers","1324"
"1621","Handheld Game Consoles","1046"
"1622","MP3 & Portable Media Players","227"
"1623","PDAs & Handhelds","228"
"1624","Game Systems & Consoles","899"
"1626","Handheld Game Consoles","1046"
"1627","Nintendo","1043"
"1628","Sony PlayStation","1044"
"1629","Xbox","1045"
"1630","GPS & Navigation","794"
"1631","TV & Video Equipment","229"
"1633","DVRs & Set-Top Boxes","1393"
"1634","Home Theater Systems","1157"
"1635","Projectors & Screens","1334"
"1636","Televisions","305"
"1638","HDTVs","1354"
"1639","LCD TVs","1356"
"1640","Plasma TVs","1355"
"1641","Projection TVs","1357"
"1642","Video Players & Recorders","492"
"1644","Blu-Ray Players & Recorders","1394"
"1645","DVD Players & Recorders","1395"
"1646","Consumer Resources","69"
"1648","Consumer Advocacy & Protection","97"
"1649","Coupons & Discount Offers","365"
"1650","Customer Services","450"
"1652","Loyalty Cards & Programs","1309"
"1653","Technical Support","567"
"1654","Warranties & Service Contracts","451"
"1655","Product Reviews & Price Comparisons","353"
"1657","Price Comparisons","352"
"1658","Vehicle Specs, Reviews & Comparisons","1267"
"1659","Entertainment Media","1143"
"1661","Book Retailers","355"
"1662","CD & Audio Shopping","217"
"1663","DVD & Video Shopping","210"
"1665","DVD & Video Rentals","1145"
"1666","Entertainment Media Rentals","1144"
"1668","DVD & Video Rentals","1145"
"1669","Video Game Retailers","1146"
"1670","Gifts & Special Event Items","70"
"1672","Cards & Greetings","100"
"1673","Flowers","323"
"1674","Gifts","99"
"1675","Party & Holiday Supplies","324"
"1676","Luxury Goods","696"
"1677","Mass Merchants & Department Stores","73"
"1678","Photo & Video Services","576"
"1680","Stock Photography","574"
"1681","Shopping Portals & Search Engines","531"
"1682","Sporting Goods","263"
"1684","Bicycles & Accessories","1191"
"1685","Sports Memorabilia","1083"
"1686","Swap Meets & Outdoor Markets","1210"
"1687","Ticket Sales","614"
"1688","Tobacco Products","123"
"1689","Toys","432"
"1690","Wholesalers & Liquidators","1225"
"1691","Sports","20"
"1693","College Sports","1073"
"1694","Combat Sports","514"
"1696","Boxing","515"
"1697","Martial Arts","516"
"1698","Wrestling","512"
"1699","Extreme Sports","554"
"1701","Drag & Street Racing","1206"
"1702","Stunts & Dangerous Feats","1207"
"1703","Fantasy Sports","998"
"1704","Individual Sports","1000"
"1706","Bowling","1016"
"1707","Cycling","458"
"1709","Bicycles & Accessories","1191"
"1710","Golf","261"
"1711","Gymnastics","519"
"1712","Racquet Sports","262"
"1714","Tennis","1376"
"1715","Running & Walking","541"
"1716","Skate Sports","1126"
"1717","Track & Field","518"
"1718","Live Sporting Events","1273"
"1719","Motor Sports","180"
"1721","Drag & Street Racing","1206"
"1722","Sporting Goods","263"
"1724","Bicycles & Accessories","1191"
"1725","Sports Memorabilia","1083"
"1726","Sports Coaching & Training","1082"
"1727","Sports News","1077"
"1728","Team Sports","1001"
"1730","American Football","258"
"1731","Baseball","259"
"1732","Basketball","264"
"1733","Cheerleading","534"
"1734","Cricket","296"
"1735","Handball","1017"
"1736","Hockey","260"
"1737","Rugby","517"
"1738","Soccer","294"
"1739","Volleyball","699"
"1740","Water Sports","118"
"1741","Winter Sports","265"
"1743","Ice Skating","1149"
"1744","Skiing & Snowboarding","1148"
"1745","World Sports Competitions","1198"
"1747","Olympics","513"
"1748","Travel","67"
"1750","Air Travel","203"
"1752","Airport Parking & Transportation","1245"
"1753","Recreational Aviation","999"
"1755","Personal Aircraft","1147"
"1756","Bus & Rail","708"
"1757","Car Rental & Taxi Services","205"
"1758","Carpooling & Ridesharing","1339"
"1759","Cruises & Charters","206"
"1760","Hotels & Accommodations","179"
"1761","Luggage & Travel Accessories","1003"
"1762","Specialty Travel","1004"
"1764","Adventure Travel","707"
"1765","Agritourism","1389"
"1766","Ecotourism","1005"
"1767","Sightseeing Tours","1390"
"1768","Vineyards & Wine Tourism","1391"
"1769","Tourist Destinations","208"
"1771","Beaches & Islands","1074"
"1772","Historical Sites & Buildings","1006"
"1773","Lakes & Rivers","1120"
"1774","Mountain & Ski Resorts","1119"
"1775","Regional Parks & Gardens","1007"
"1776","Theme Parks","1008"
"1777","Zoos-Aquariums-Preserves","1009"
"1778","Travel Agencies & Services","1010"
"1780","Tourist Boards & Visitor Centers","1392"
"1781","Vacation Offers","1019"
"1782","Travel Guides & Travelogues","1011"
